Time,BG,CGM,CHO,insulin,LBGI,HBGI,Risk
2024-02-22,135.64,158.01755752241982,,,0.0,1.2171253297619526,1.2171253297619526
