time,Glc
5.0,131.53286
35.0,136.93832
65.0,151.35288
95.0,149.55106
125.0,210.81294
130.0,214.41658
135.0,221.62386
140.0,225.2275
145.0,214.41658
150.0,200.00202
155.0,190.99292
160.0,178.38018
165.0,171.1729
170.0,165.76744
175.0,154.95651999999998
180.0,149.55106
185.0,144.1456
190.0,144.1456
195.0,145.94742
200.0,147.74924
205.0,154.95651999999998
210.0,151.35288
215.0,162.1638
