time,Glc
5.0,147.74924
35.0,131.53286
65.0,147.74924
95.0,144.1456
125.0,140.54196
130.0,133.33468000000002
135.0,129.73104
140.0,127.92922
145.0,118.92012
150.0,111.71284
155.0,109.91102
160.0,106.30738000000001
165.0,100.90191999999999
170.0,99.1001
175.0,95.49646
180.0,93.69464
185.0,95.49646
190.0,95.49646
195.0,97.29828
200.0,99.1001
205.0,97.29828
210.0,95.49646
215.0,99.1001
